video,architecture,model_type,frame,class,confidence
GX010020,model_convolution,size_5_featuresE,124,fasten,0.9991
GX010020,model_convolution,size_5_featuresE,148,fasten,0.9997
GX010020,model_convolution,size_5_featuresE,172,fasten,0.9990
GX010020,model_convolution,size_5_featuresE,196,no_action,0.8125
GX010020,model_convolution,size_5_featuresE,220,unfasten,0.9992
GX010020,model_convolution,size_5_featuresE,244,unfasten,0.9997
GX010020,model_convolution,size_5_featuresE,268,unfasten,0.9997
GX010020,model_convolution,size_5_featuresE,292,unfasten,0.9988
GX010020,model_convolution,size_5_featuresE,316,unfasten,0.9997
GX010020,model_convolution,size_5_featuresE,340,unfasten,0.9997
GX010020,model_convolution,size_5_featuresE,364,fasten,0.9997
GX010020,model_convolution,size_5_featuresE,388,fasten,0.9940
GX010020,model_convolution,size_5_featuresE,412,fasten,0.9999
GX010020,model_convolution,size_5_featuresE,436,fasten,0.9998
GX010020,model_convolution,size_5_featuresE,460,unfasten,0.9997
GX010020,model_convolution,size_5_featuresE,484,unfasten,0.9998
GX010020,model_convolution,size_5_featuresE,508,unfasten,0.9998
GX010020,model_convolution,size_5_featuresE,532,unfasten,0.9996
GX010020,model_convolution,size_5_featuresE,556,unfasten,0.9992
GX010020,model_convolution,size_5_featuresE,580,unfasten,0.9972
GX010020,model_convolution,size_5_featuresE,604,unfasten,0.9921
GX010020,model_convolution,size_5_featuresE,628,no_action,0.9511
GX010020,model_convolution,size_5_featuresE,652,no_action,0.9972
GX010020,model_convolution,size_5_featuresE,676,no_action,0.9963
GX010020,model_convolution,size_5_featuresE,700,no_action,0.9961
GX010020,model_convolution,size_5_featuresE,724,no_action,0.9965
GX010020,model_convolution,size_5_featuresE,748,no_action,0.9967
GX010020,model_convolution,size_5_featuresE,772,no_action,0.9969
GX010020,model_convolution,size_5_featuresE,796,no_action,0.9967
GX010020,model_convolution,size_5_featuresE,820,no_action,0.9966
GX010020,model_convolution,size_5_featuresE,844,no_action,0.9958
GX010020,model_convolution,size_5_featuresE,868,no_action,0.9875
GX010020,model_convolution,size_5_featuresE,892,no_action,0.9961
GX010020,model_convolution,size_5_featuresE,916,no_action,0.9747
GX010020,model_convolution,size_5_featuresE,940,no_action,0.7393
GX010020,model_convolution,size_5_featuresE,964,unfasten,0.9942
GX010020,model_convolution,size_5_featuresE,988,unfasten,0.9993
GX010020,model_convolution,size_5_featuresE,1012,unfasten,0.9998
GX010020,model_convolution,size_5_featuresE,1036,unfasten,0.9998
GX010020,model_convolution,size_5_featuresE,1060,unfasten,0.9996
GX010020,model_convolution,size_5_featuresE,1084,unfasten,0.9965
GX010020,model_convolution,size_5_featuresE,1108,unfasten,0.9992
GX010020,model_convolution,size_5_featuresE,1132,unfasten,0.9995
GX010020,model_convolution,size_5_featuresE,1156,unfasten,0.9998
GX010020,model_convolution,size_5_featuresE,1180,unfasten,0.9995
GX010020,model_convolution,size_5_featuresE,1204,unfasten,0.9997
GX010020,model_convolution,size_5_featuresE,1228,unfasten,0.9998
GX010020,model_convolution,size_5_featuresE,1252,unfasten,0.9987
GX010020,model_convolution,size_5_featuresE,1276,unfasten,0.9985
GX010020,model_convolution,size_5_featuresE,1300,unfasten,0.9967
GX010020,model_convolution,size_5_featuresE,1324,unfasten,0.9989
GX010020,model_convolution,size_5_featuresE,1348,unfasten,0.9935
GX010020,model_convolution,size_5_featuresE,1372,no_action,0.8672
GX010020,model_convolution,size_5_featuresE,1396,no_action,0.9839
GX010020,model_convolution,size_5_featuresE,1420,no_action,0.9969
GX010020,model_convolution,size_5_featuresE,1444,no_action,0.9972
GX010020,model_convolution,size_5_featuresE,1468,no_action,0.9971
GX010020,model_convolution,size_5_featuresE,1492,no_action,0.9971
GX010020,model_convolution,size_5_featuresE,1516,no_action,0.9970
GX010020,model_convolution,size_5_featuresE,1540,no_action,0.9970
GX010020,model_convolution,size_5_featuresE,1564,no_action,0.9970
GX010020,model_convolution,size_5_featuresE,1588,no_action,0.9970
GX010020,model_convolution,size_5_featuresE,1612,no_action,0.9970
GX010020,model_convolution,size_5_featuresE,1636,no_action,0.9970
GX010020,model_convolution,size_5_featuresE,1660,no_action,0.9970
GX010020,model_convolution,size_5_featuresE,1684,no_action,0.9971
GX010020,model_convolution,size_5_featuresE,1708,no_action,0.9970
GX010020,model_convolution,size_5_featuresE,1732,no_action,0.9971
GX010020,model_convolution,size_5_featuresE,1756,no_action,0.9950
GX010020,model_convolution,size_5_featuresE,1780,no_action,0.9752
GX010020,model_convolution,size_5_featuresE,1804,unfasten,0.9976
GX010020,model_convolution,size_5_featuresE,1828,unfasten,0.9998
GX010020,model_convolution,size_5_featuresE,1852,unfasten,0.9998
GX010020,model_convolution,size_5_featuresE,1876,unfasten,0.9998
GX010020,model_convolution,size_5_featuresE,1900,unfasten,0.9998
GX010020,model_convolution,size_5_featuresE,1924,unfasten,0.9999
GX010020,model_convolution,size_5_featuresE,1948,unfasten,0.9999
GX010020,model_convolution,size_5_featuresE,1972,unfasten,0.9999
GX010020,model_convolution,size_5_featuresE,1996,no_action,0.7761
GX010020,model_convolution,size_5_featuresE,2020,unfasten,0.9996
GX010020,model_convolution,size_5_featuresE,2044,unfasten,0.9989
GX010020,model_convolution,size_5_featuresE,2068,unfasten,0.9564
GX010020,model_convolution,size_5_featuresE,2092,no_action,0.8631
GX010020,model_convolution,size_5_featuresE,2116,no_action,0.8837
GX010020,model_convolution,size_5_featuresE,2140,no_action,0.9809
GX010020,model_convolution,size_5_featuresE,2164,no_action,0.9971
GX010020,model_convolution,size_5_featuresE,2188,no_action,0.9973
GX010020,model_convolution,size_5_featuresE,2212,no_action,0.9969
GX010020,model_convolution,size_5_featuresE,2236,no_action,0.9951
GX010020,model_convolution,size_5_featuresE,2260,no_action,0.9911
GX010020,model_convolution,size_5_featuresE,2284,no_action,0.9971
GX010020,model_convolution,size_5_featuresE,2308,no_action,0.9969
GX010020,model_convolution,size_5_featuresE,2332,no_action,0.9967
GX010020,model_convolution,size_5_featuresE,2356,no_action,0.9940
GX010020,model_convolution,size_5_featuresE,2380,no_action,0.9945
GX010020,model_convolution,size_5_featuresE,2404,no_action,0.9951
GX010020,model_convolution,size_5_featuresE,2428,no_action,0.9961
GX010020,model_convolution,size_5_featuresE,2452,no_action,0.9962
GX010020,model_convolution,size_5_featuresE,2476,no_action,0.9967
GX010020,model_convolution,size_5_featuresE,2500,no_action,0.9970
GX010020,model_convolution,size_5_featuresE,2524,no_action,0.9970
GX010020,model_convolution,size_5_featuresE,2548,no_action,0.9970
GX010020,model_convolution,size_5_featuresE,2572,no_action,0.9970
GX010020,model_convolution,size_5_featuresE,2596,no_action,0.9970
GX010020,model_convolution,size_5_featuresE,2620,no_action,0.9970
GX010020,model_convolution,size_5_featuresE,2644,no_action,0.9970
GX010020,model_convolution,size_5_featuresE,2668,no_action,0.9971
GX010020,model_convolution,size_5_featuresE,2692,no_action,0.9970
GX010020,model_convolution,size_5_featuresE,2716,no_action,0.9970
GX010020,model_convolution,size_5_featuresE,2740,unfasten,0.9997
GX010020,model_convolution,size_5_featuresE,2764,no_action,0.9558
GX010020,model_convolution,size_5_featuresE,2788,no_action,0.7550
GX010020,model_convolution,size_5_featuresE,2812,fasten,0.9996
GX010020,model_convolution,size_5_featuresE,2836,fasten,0.9997
GX010020,model_convolution,size_5_featuresE,2860,no_action,0.9072
GX010023,model_convolution,size_5_featuresE,138,fasten,0.9999
GX010023,model_convolution,size_5_featuresE,179,fasten,0.9999
GX010023,model_convolution,size_5_featuresE,203,unfasten,0.9991
GX010023,model_convolution,size_5_featuresE,227,unfasten,0.9684
GX010023,model_convolution,size_5_featuresE,251,unfasten,0.9941
GX010023,model_convolution,size_5_featuresE,275,fasten,0.9998
GX010023,model_convolution,size_5_featuresE,299,no_action,0.7864
GX010023,model_convolution,size_5_featuresE,323,no_action,0.7114
GX010023,model_convolution,size_5_featuresE,347,no_action,0.9067
GX010023,model_convolution,size_5_featuresE,371,no_action,0.7098
GX010023,model_convolution,size_5_featuresE,395,no_action,0.9868
GX010023,model_convolution,size_5_featuresE,419,fasten,0.9999
GX010023,model_convolution,size_5_featuresE,443,fasten,0.9998
GX010023,model_convolution,size_5_featuresE,467,no_action,0.6211
GX010023,model_convolution,size_5_featuresE,491,no_action,0.6439
GX010023,model_convolution,size_5_featuresE,515,gear,0.9734
GX010023,model_convolution,size_5_featuresE,539,gear,0.9845
GX010023,model_convolution,size_5_featuresE,563,gear,0.9903
GX010023,model_convolution,size_5_featuresE,587,gear,0.9762
GX010023,model_convolution,size_5_featuresE,611,gear,0.9850
GX010023,model_convolution,size_5_featuresE,635,gear,0.9947
GX010023,model_convolution,size_5_featuresE,659,gear,0.9941
GX010023,model_convolution,size_5_featuresE,683,gear,0.9931
GX010023,model_convolution,size_5_featuresE,707,gear,0.9910
GX010023,model_convolution,size_5_featuresE,731,gear,0.9855
GX010023,model_convolution,size_5_featuresE,755,gear,0.9939
GX010023,model_convolution,size_5_featuresE,779,gear,0.9920
GX010023,model_convolution,size_5_featuresE,803,no_action,0.8349
GX010023,model_convolution,size_5_featuresE,827,no_action,0.9762
GX010023,model_convolution,size_5_featuresE,851,no_action,0.9906
GX010023,model_convolution,size_5_featuresE,875,no_action,0.8272
GX010023,model_convolution,size_5_featuresE,899,no_action,0.9834
GX010023,model_convolution,size_5_featuresE,923,no_action,0.9578
GX010023,model_convolution,size_5_featuresE,947,no_action,0.9355
GX010023,model_convolution,size_5_featuresE,971,no_action,0.9761
GX010023,model_convolution,size_5_featuresE,995,no_action,0.9776
GX010023,model_convolution,size_5_featuresE,1019,no_action,0.9361
GX010023,model_convolution,size_5_featuresE,1043,no_action,0.9811
GX010023,model_convolution,size_5_featuresE,1067,no_action,0.9906
GX010023,model_convolution,size_5_featuresE,1091,no_action,0.9861
GX010023,model_convolution,size_5_featuresE,1115,no_action,0.9938
GX010023,model_convolution,size_5_featuresE,1139,no_action,0.8444
GX010023,model_convolution,size_5_featuresE,1163,no_action,0.9763
GX010023,model_convolution,size_5_featuresE,1187,no_action,0.6641
GX010023,model_convolution,size_5_featuresE,1211,no_action,0.5559
GX010023,model_convolution,size_5_featuresE,1235,no_action,0.9577
GX010023,model_convolution,size_5_featuresE,1259,no_action,0.9903
GX010023,model_convolution,size_5_featuresE,1283,no_action,0.9245
GX010023,model_convolution,size_5_featuresE,1307,no_action,0.9896
GX010023,model_convolution,size_5_featuresE,1331,no_action,0.5233
GX010023,model_convolution,size_5_featuresE,1355,no_action,0.8150
GX010023,model_convolution,size_5_featuresE,1379,no_action,0.9731
GX010023,model_convolution,size_5_featuresE,1403,no_action,0.8727
GX010023,model_convolution,size_5_featuresE,1427,no_action,0.7723
GX010023,model_convolution,size_5_featuresE,1451,gear,0.9925
GX010023,model_convolution,size_5_featuresE,1475,gear,0.9772
GX010023,model_convolution,size_5_featuresE,1499,gear,0.9807
GX010023,model_convolution,size_5_featuresE,1523,no_action,0.8643
GX010023,model_convolution,size_5_featuresE,1547,no_action,0.9726
GX010023,model_convolution,size_5_featuresE,1571,no_action,0.9807
GX010023,model_convolution,size_5_featuresE,1595,no_action,0.9306
GX010023,model_convolution,size_5_featuresE,1619,unfasten,0.9991
GX010023,model_convolution,size_5_featuresE,1643,unfasten,0.9997
GX010023,model_convolution,size_5_featuresE,1667,unfasten,0.9998
GX010023,model_convolution,size_5_featuresE,1691,unfasten,0.9997
GX010023,model_convolution,size_5_featuresE,1715,unfasten,0.9983
GX010023,model_convolution,size_5_featuresE,1739,unfasten,0.9935
GX010023,model_convolution,size_5_featuresE,1763,no_action,0.6326
GX010023,model_convolution,size_5_featuresE,1787,fasten,0.9998
GX010023,model_convolution,size_5_featuresE,1811,fasten,0.9945
GX010023,model_convolution,size_5_featuresE,1835,fasten,0.9999
GX010023,model_convolution,size_5_featuresE,1859,gear,0.9931
GX010023,model_convolution,size_5_featuresE,1883,no_action,0.5789
GX010023,model_convolution,size_5_featuresE,1907,no_action,0.9456
GX010023,model_convolution,size_5_featuresE,1931,no_action,0.9799
GX010023,model_convolution,size_5_featuresE,1955,no_action,0.9887
GX010023,model_convolution,size_5_featuresE,1979,no_action,0.9919
GX010023,model_convolution,size_5_featuresE,2003,no_action,0.9939
GX010023,model_convolution,size_5_featuresE,2027,no_action,0.9412
GX010023,model_convolution,size_5_featuresE,2051,no_action,0.9942
GX010023,model_convolution,size_5_featuresE,2075,no_action,0.9938
GX010023,model_convolution,size_5_featuresE,2099,no_action,0.9952
GX010023,model_convolution,size_5_featuresE,2123,no_action,0.9965
GX010023,model_convolution,size_5_featuresE,2147,no_action,0.9967
GX010023,model_convolution,size_5_featuresE,2171,no_action,0.9966
GX010023,model_convolution,size_5_featuresE,2195,no_action,0.9961
GX010023,model_convolution,size_5_featuresE,2219,no_action,0.9957
GX010023,model_convolution,size_5_featuresE,2243,no_action,0.9957
GX010023,model_convolution,size_5_featuresE,2267,no_action,0.9959
GX010023,model_convolution,size_5_featuresE,2291,no_action,0.9960
GX010023,model_convolution,size_5_featuresE,2315,no_action,0.9962
GX010023,model_convolution,size_5_featuresE,2339,no_action,0.9965
GX010023,model_convolution,size_5_featuresE,2363,no_action,0.9967
GX010023,model_convolution,size_5_featuresE,2387,no_action,0.9967
GX010023,model_convolution,size_5_featuresE,2411,no_action,0.9968
GX010023,model_convolution,size_5_featuresE,2435,no_action,0.9969
GX010023,model_convolution,size_5_featuresE,2459,no_action,0.9970
GX010023,model_convolution,size_5_featuresE,2483,no_action,0.9971
GX010023,model_convolution,size_5_featuresE,2507,no_action,0.9973
GX010023,model_convolution,size_5_featuresE,2531,no_action,0.9212
GX010023,model_convolution,size_5_featuresE,2555,no_action,0.8964
GX010023,model_convolution,size_5_featuresE,2579,no_action,0.8069
GX010023,model_convolution,size_5_featuresE,2603,no_action,0.5524
GX010023,model_convolution,size_5_featuresE,2627,fasten,0.9806
GX010037,model_convolution,size_5_featuresE,131,no_action,0.8813
GX010037,model_convolution,size_5_featuresE,159,no_action,0.8996
GX010037,model_convolution,size_5_featuresE,188,gear,0.9904
GX010037,model_convolution,size_5_featuresE,212,gear,0.9934
GX010037,model_convolution,size_5_featuresE,236,gear,0.9530
GX010037,model_convolution,size_5_featuresE,260,gear,0.9733
GX010037,model_convolution,size_5_featuresE,284,no_action,0.6051
GX010037,model_convolution,size_5_featuresE,308,no_action,0.6718
GX010037,model_convolution,size_5_featuresE,332,no_action,0.8074
GX010037,model_convolution,size_5_featuresE,386,fasten,0.9875
GX010037,model_convolution,size_5_featuresE,410,unfasten,0.9973
GX010037,model_convolution,size_5_featuresE,434,unfasten,0.9997
GX010037,model_convolution,size_5_featuresE,458,unfasten,0.9998
GX010037,model_convolution,size_5_featuresE,482,unfasten,0.9998
GX010037,model_convolution,size_5_featuresE,506,unfasten,0.9996
GX010037,model_convolution,size_5_featuresE,530,unfasten,0.9988
GX010037,model_convolution,size_5_featuresE,554,no_action,0.8446
GX010037,model_convolution,size_5_featuresE,578,no_action,0.9555
GX010037,model_convolution,size_5_featuresE,602,no_action,0.9958
GX010037,model_convolution,size_5_featuresE,626,no_action,0.9969
GX010037,model_convolution,size_5_featuresE,650,no_action,0.9921
GX010037,model_convolution,size_5_featuresE,674,no_action,0.9933
GX010037,model_convolution,size_5_featuresE,698,no_action,0.9930
GX010037,model_convolution,size_5_featuresE,722,no_action,0.9962
GX010037,model_convolution,size_5_featuresE,746,unfasten,0.9998
GX010037,model_convolution,size_5_featuresE,770,unfasten,0.9996
GX010037,model_convolution,size_5_featuresE,794,unfasten,0.9994
GX010037,model_convolution,size_5_featuresE,818,unfasten,0.9995
GX010037,model_convolution,size_5_featuresE,842,unfasten,0.9994
GX010037,model_convolution,size_5_featuresE,866,fasten,0.9999
GX010037,model_convolution,size_5_featuresE,890,fasten,0.9999
GX010037,model_convolution,size_5_featuresE,914,fasten,0.9999
GX010037,model_convolution,size_5_featuresE,938,fasten,0.9999
GX010037,model_convolution,size_5_featuresE,962,no_action,0.6104
GX010037,model_convolution,size_5_featuresE,986,no_action,0.7555
GX010037,model_convolution,size_5_featuresE,1010,unfasten,0.9996
GX010037,model_convolution,size_5_featuresE,1034,no_action,0.9454
GX010037,model_convolution,size_5_featuresE,1058,unfasten,0.9990
GX010037,model_convolution,size_5_featuresE,1082,no_action,0.8250
GX010037,model_convolution,size_5_featuresE,1106,no_action,0.9809
GX010037,model_convolution,size_5_featuresE,1130,no_action,0.9805
GX010037,model_convolution,size_5_featuresE,1154,no_action,0.9419
GX010037,model_convolution,size_5_featuresE,1178,no_action,0.9915
GX010037,model_convolution,size_5_featuresE,1202,no_action,0.9885
GX010037,model_convolution,size_5_featuresE,1226,no_action,0.9886
GX010037,model_convolution,size_5_featuresE,1250,no_action,0.9915
GX010037,model_convolution,size_5_featuresE,1274,no_action,0.9938
GX010037,model_convolution,size_5_featuresE,1298,no_action,0.9926
GX010037,model_convolution,size_5_featuresE,1322,no_action,0.9904
GX010037,model_convolution,size_5_featuresE,1346,no_action,0.9828
GX010037,model_convolution,size_5_featuresE,1370,no_action,0.8788
GX010037,model_convolution,size_5_featuresE,1394,no_action,0.9899
GX010037,model_convolution,size_5_featuresE,1418,no_action,0.9916
GX010037,model_convolution,size_5_featuresE,1442,no_action,0.9929
GX010037,model_convolution,size_5_featuresE,1466,no_action,0.9956
GX010037,model_convolution,size_5_featuresE,1490,no_action,0.9956
GX010037,model_convolution,size_5_featuresE,1514,no_action,0.9957
GX010037,model_convolution,size_5_featuresE,1538,no_action,0.9949
GX010037,model_convolution,size_5_featuresE,1562,no_action,0.9931
GX010037,model_convolution,size_5_featuresE,1586,no_action,0.9959
GX010037,model_convolution,size_5_featuresE,1610,no_action,0.9965
GX010037,model_convolution,size_5_featuresE,1634,no_action,0.9969
GX010037,model_convolution,size_5_featuresE,1658,no_action,0.9970
GX010037,model_convolution,size_5_featuresE,1682,no_action,0.9968
GX010037,model_convolution,size_5_featuresE,1706,no_action,0.9961
GX010037,model_convolution,size_5_featuresE,1730,no_action,0.9950
GX010037,model_convolution,size_5_featuresE,1754,no_action,0.9938
GX010037,model_convolution,size_5_featuresE,1778,no_action,0.9949
GX010037,model_convolution,size_5_featuresE,1802,no_action,0.9912
GX010037,model_convolution,size_5_featuresE,1826,no_action,0.9908
GX010037,model_convolution,size_5_featuresE,1850,no_action,0.9919
GX010037,model_convolution,size_5_featuresE,1874,no_action,0.9933
GX010037,model_convolution,size_5_featuresE,1898,no_action,0.9929
GX010037,model_convolution,size_5_featuresE,1922,no_action,0.9933
GX010037,model_convolution,size_5_featuresE,1946,no_action,0.9905
GX010037,model_convolution,size_5_featuresE,1970,no_action,0.9949
GX010037,model_convolution,size_5_featuresE,1994,no_action,0.9937
GX010037,model_convolution,size_5_featuresE,2018,no_action,0.9953
GX010037,model_convolution,size_5_featuresE,2042,no_action,0.9804
GX010037,model_convolution,size_5_featuresE,2066,no_action,0.9618
GX010037,model_convolution,size_5_featuresE,2090,no_action,0.9772
GX010037,model_convolution,size_5_featuresE,2114,no_action,0.9878
GX010037,model_convolution,size_5_featuresE,2138,no_action,0.8881
GX010037,model_convolution,size_5_featuresE,2162,no_action,0.5147
GX010037,model_convolution,size_5_featuresE,2186,no_action,0.9871
GX010037,model_convolution,size_5_featuresE,2210,no_action,0.9845
GX010037,model_convolution,size_5_featuresE,2234,no_action,0.9884
GX010037,model_convolution,size_5_featuresE,2258,no_action,0.9925
GX010037,model_convolution,size_5_featuresE,2282,no_action,0.8925
GX010037,model_convolution,size_5_featuresE,2306,no_action,0.9802
GX010037,model_convolution,size_5_featuresE,2330,no_action,0.9948
GX010037,model_convolution,size_5_featuresE,2354,no_action,0.9962
GX010037,model_convolution,size_5_featuresE,2378,no_action,0.9968
GX010037,model_convolution,size_5_featuresE,2402,no_action,0.9950
GX010037,model_convolution,size_5_featuresE,2426,no_action,0.9959
GX010037,model_convolution,size_5_featuresE,2450,no_action,0.9957
GX010037,model_convolution,size_5_featuresE,2474,unfasten,0.9996
GX010037,model_convolution,size_5_featuresE,2498,unfasten,0.9998
GX010037,model_convolution,size_5_featuresE,2522,unfasten,0.9998
GX010037,model_convolution,size_5_featuresE,2546,unfasten,0.9998
GX010037,model_convolution,size_5_featuresE,2570,unfasten,0.9998
GX010037,model_convolution,size_5_featuresE,2594,unfasten,0.9999
GX010037,model_convolution,size_5_featuresE,2618,unfasten,0.9995
GX010037,model_convolution,size_5_featuresE,2642,unfasten,0.9645
GX010037,model_convolution,size_5_featuresE,2666,unfasten,0.9795
GX010037,model_convolution,size_5_featuresE,2690,no_action,0.5615
GX010037,model_convolution,size_5_featuresE,2714,no_action,0.9967
GX010037,model_convolution,size_5_featuresE,2738,no_action,0.9957
GX010037,model_convolution,size_5_featuresE,2762,no_action,0.6752
GX010037,model_convolution,size_5_featuresE,2786,no_action,0.8446
GX010037,model_convolution,size_5_featuresE,2810,no_action,0.5418
GX010037,model_convolution,size_5_featuresE,2834,no_action,0.9391
GX010037,model_convolution,size_5_featuresE,2858,no_action,0.9776
GX010037,model_convolution,size_5_featuresE,2882,no_action,0.9873
GX010037,model_convolution,size_5_featuresE,2906,no_action,0.9897
GX010037,model_convolution,size_5_featuresE,2930,no_action,0.9925
GX010037,model_convolution,size_5_featuresE,2954,no_action,0.9912
GX010037,model_convolution,size_5_featuresE,2978,no_action,0.9917
GX010037,model_convolution,size_5_featuresE,3002,no_action,0.9930
GX010037,model_convolution,size_5_featuresE,3026,no_action,0.9919
GX010037,model_convolution,size_5_featuresE,3050,no_action,0.9917
GX010037,model_convolution,size_5_featuresE,3074,no_action,0.9892
GX010037,model_convolution,size_5_featuresE,3098,no_action,0.9935
GX010037,model_convolution,size_5_featuresE,3122,no_action,0.9934
GX010037,model_convolution,size_5_featuresE,3146,no_action,0.9884
GX010037,model_convolution,size_5_featuresE,3170,no_action,0.9913
GX010037,model_convolution,size_5_featuresE,3194,no_action,0.9921
GX010037,model_convolution,size_5_featuresE,3218,no_action,0.9904
GX010037,model_convolution,size_5_featuresE,3242,no_action,0.9886
GX010037,model_convolution,size_5_featuresE,3266,no_action,0.9855
GX010037,model_convolution,size_5_featuresE,3290,no_action,0.9863
GX010037,model_convolution,size_5_featuresE,3314,no_action,0.9536
GX010037,model_convolution,size_5_featuresE,3338,no_action,0.8539
GX010037,model_convolution,size_5_featuresE,3362,no_action,0.8049
GX010037,model_convolution,size_5_featuresE,3386,no_action,0.8971
GX010037,model_convolution,size_5_featuresE,3410,gear,0.9922
GX010037,model_convolution,size_5_featuresE,3434,no_action,0.6562
GX010037,model_convolution,size_5_featuresE,3458,unfasten,0.9904
GX010047,model_convolution,size_5_featuresE,127,fasten,0.9999
GX010047,model_convolution,size_5_featuresE,151,fasten,0.9999
GX010047,model_convolution,size_5_featuresE,175,fasten,0.9996
GX010047,model_convolution,size_5_featuresE,207,fasten,0.9739
GX010047,model_convolution,size_5_featuresE,231,fasten,0.9998
GX010047,model_convolution,size_5_featuresE,255,no_action,0.9324
GX010047,model_convolution,size_5_featuresE,279,no_action,0.5582
GX010047,model_convolution,size_5_featuresE,303,unfasten,0.9998
GX010047,model_convolution,size_5_featuresE,327,unfasten,0.9998
GX010047,model_convolution,size_5_featuresE,351,unfasten,0.9998
GX010047,model_convolution,size_5_featuresE,375,unfasten,0.9998
GX010047,model_convolution,size_5_featuresE,399,unfasten,0.9998
GX010047,model_convolution,size_5_featuresE,423,no_action,0.9970
GX010047,model_convolution,size_5_featuresE,447,fasten,0.9996
GX010047,model_convolution,size_5_featuresE,471,fasten,0.9999
GX010047,model_convolution,size_5_featuresE,495,fasten,0.9999
GX010047,model_convolution,size_5_featuresE,519,fasten,0.9999
GX010047,model_convolution,size_5_featuresE,543,fasten,0.9999
GX010047,model_convolution,size_5_featuresE,567,fasten,0.9999
GX010047,model_convolution,size_5_featuresE,591,fasten,0.9999
GX010047,model_convolution,size_5_featuresE,615,fasten,0.9997
GX010047,model_convolution,size_5_featuresE,639,unfasten,0.9997
GX010047,model_convolution,size_5_featuresE,663,unfasten,0.9983
GX010047,model_convolution,size_5_featuresE,687,unfasten,0.9998
GX010047,model_convolution,size_5_featuresE,711,no_action,0.8067
GX010047,model_convolution,size_5_featuresE,735,no_action,0.9700
GX010047,model_convolution,size_5_featuresE,759,no_action,0.7955
GX010047,model_convolution,size_5_featuresE,783,fasten,0.9991
GX010047,model_convolution,size_5_featuresE,807,no_action,0.9968
GX010047,model_convolution,size_5_featuresE,831,no_action,0.9945
GX010047,model_convolution,size_5_featuresE,855,no_action,0.9916
GX010047,model_convolution,size_5_featuresE,879,no_action,0.9893
GX010047,model_convolution,size_5_featuresE,903,no_action,0.9370
GX010047,model_convolution,size_5_featuresE,927,no_action,0.9921
GX010047,model_convolution,size_5_featuresE,951,no_action,0.9913
GX010047,model_convolution,size_5_featuresE,975,no_action,0.9947
GX010047,model_convolution,size_5_featuresE,999,no_action,0.9958
GX010047,model_convolution,size_5_featuresE,1023,no_action,0.9961
GX010047,model_convolution,size_5_featuresE,1047,no_action,0.9912
GX010047,model_convolution,size_5_featuresE,1071,no_action,0.9904
GX010047,model_convolution,size_5_featuresE,1095,no_action,0.9940
GX010047,model_convolution,size_5_featuresE,1119,no_action,0.9834
GX010047,model_convolution,size_5_featuresE,1143,no_action,0.9829
GX010047,model_convolution,size_5_featuresE,1167,no_action,0.9553
GX010047,model_convolution,size_5_featuresE,1191,no_action,0.9619
GX010047,model_convolution,size_5_featuresE,1215,no_action,0.9830
GX010047,model_convolution,size_5_featuresE,1239,no_action,0.9645
GX010047,model_convolution,size_5_featuresE,1263,no_action,0.9496
GX010047,model_convolution,size_5_featuresE,1287,no_action,0.9563
GX010047,model_convolution,size_5_featuresE,1311,no_action,0.9464
GX010047,model_convolution,size_5_featuresE,1335,no_action,0.8679
GX010047,model_convolution,size_5_featuresE,1359,no_action,0.9783
GX010047,model_convolution,size_5_featuresE,1383,unfasten,0.9996
GX010047,model_convolution,size_5_featuresE,1407,unfasten,0.9876
GX010047,model_convolution,size_5_featuresE,1431,no_action,0.7064
GX010047,model_convolution,size_5_featuresE,1455,no_action,0.8507
GX010047,model_convolution,size_5_featuresE,1479,fasten,0.9999
GX010047,model_convolution,size_5_featuresE,1503,fasten,0.9999
GX010047,model_convolution,size_5_featuresE,1527,fasten,0.9999
GX010047,model_convolution,size_5_featuresE,1551,no_action,0.9427
GX010047,model_convolution,size_5_featuresE,1575,no_action,0.9925
GX010047,model_convolution,size_5_featuresE,1599,no_action,0.9934
GX010047,model_convolution,size_5_featuresE,1623,no_action,0.9955
GX010047,model_convolution,size_5_featuresE,1647,no_action,0.9966
GX010047,model_convolution,size_5_featuresE,1671,no_action,0.9970
GX010047,model_convolution,size_5_featuresE,1695,no_action,0.9969
GX010047,model_convolution,size_5_featuresE,1719,no_action,0.9965
GX010047,model_convolution,size_5_featuresE,1743,no_action,0.9807
GX010047,model_convolution,size_5_featuresE,1767,no_action,0.7871
GX010047,model_convolution,size_5_featuresE,1791,gear,0.9684
GX010047,model_convolution,size_5_featuresE,1815,gear,0.9932
GX010047,model_convolution,size_5_featuresE,1839,no_action,0.7269
GX010047,model_convolution,size_5_featuresE,1863,no_action,0.5642
GX010047,model_convolution,size_5_featuresE,1887,no_action,0.9865
GX010047,model_convolution,size_5_featuresE,1911,no_action,0.9964
GX010047,model_convolution,size_5_featuresE,1935,no_action,0.9969
GX010047,model_convolution,size_5_featuresE,1959,no_action,0.9968
GX010047,model_convolution,size_5_featuresE,1983,no_action,0.9957
GX010047,model_convolution,size_5_featuresE,2007,no_action,0.9959
GX010047,model_convolution,size_5_featuresE,2031,no_action,0.9918
GX010047,model_convolution,size_5_featuresE,2055,no_action,0.9946
GX010047,model_convolution,size_5_featuresE,2079,no_action,0.9930
GX010047,model_convolution,size_5_featuresE,2103,no_action,0.9951
GX010047,model_convolution,size_5_featuresE,2127,no_action,0.9954
GX010047,model_convolution,size_5_featuresE,2151,unfasten,0.9996
GX010047,model_convolution,size_5_featuresE,2175,unfasten,0.9998
GX010047,model_convolution,size_5_featuresE,2199,unfasten,0.9998
GX010047,model_convolution,size_5_featuresE,2223,unfasten,0.9998
GX010047,model_convolution,size_5_featuresE,2247,unfasten,0.9999
GX010047,model_convolution,size_5_featuresE,2271,unfasten,0.9999
GX010047,model_convolution,size_5_featuresE,2295,unfasten,0.9998
GX010047,model_convolution,size_5_featuresE,2319,unfasten,0.9994
GX010047,model_convolution,size_5_featuresE,2343,unfasten,0.9995
GX010047,model_convolution,size_5_featuresE,2367,no_action,0.9064
GX010047,model_convolution,size_5_featuresE,2391,unfasten,0.9796
GX010047,model_convolution,size_5_featuresE,2415,no_action,0.8801
GX010047,model_convolution,size_5_featuresE,2439,no_action,0.9973
GX010047,model_convolution,size_5_featuresE,2463,no_action,0.9972
GX010047,model_convolution,size_5_featuresE,2487,no_action,0.9966
GX010047,model_convolution,size_5_featuresE,2511,no_action,0.9959
GX010047,model_convolution,size_5_featuresE,2535,no_action,0.9953
GX010047,model_convolution,size_5_featuresE,2559,no_action,0.9958
GX010047,model_convolution,size_5_featuresE,2583,no_action,0.9939
GX010047,model_convolution,size_5_featuresE,2607,no_action,0.9930
GX010047,model_convolution,size_5_featuresE,2631,no_action,0.9757
GX010047,model_convolution,size_5_featuresE,2655,no_action,0.7657
GX010047,model_convolution,size_5_featuresE,2679,no_action,0.7798
GX010047,model_convolution,size_5_featuresE,2703,no_action,0.8587
GX010047,model_convolution,size_5_featuresE,2727,no_action,0.8799
GX010047,model_convolution,size_5_featuresE,2751,no_action,0.9036
GX010047,model_convolution,size_5_featuresE,2775,no_action,0.8947
GX010047,model_convolution,size_5_featuresE,2799,no_action,0.8645
GX010047,model_convolution,size_5_featuresE,2823,no_action,0.7281
GX010047,model_convolution,size_5_featuresE,2847,no_action,0.7141
GX010047,model_convolution,size_5_featuresE,2871,no_action,0.9392
GX010047,model_convolution,size_5_featuresE,2895,no_action,0.9856
GX010047,model_convolution,size_5_featuresE,2919,no_action,0.9893
GX010047,model_convolution,size_5_featuresE,2943,no_action,0.9922
GX010047,model_convolution,size_5_featuresE,2967,no_action,0.9899
GX010047,model_convolution,size_5_featuresE,2991,no_action,0.9859
GX010047,model_convolution,size_5_featuresE,3015,no_action,0.9724
GX010047,model_convolution,size_5_featuresE,3039,no_action,0.9949
GX010047,model_convolution,size_5_featuresE,3063,no_action,0.9938
GX010047,model_convolution,size_5_featuresE,3087,no_action,0.9940
GX010047,model_convolution,size_5_featuresE,3111,no_action,0.9926
GX010047,model_convolution,size_5_featuresE,3135,no_action,0.9886
GX010047,model_convolution,size_5_featuresE,3159,no_action,0.9911
GX010047,model_convolution,size_5_featuresE,3183,no_action,0.9906
GX010047,model_convolution,size_5_featuresE,3207,no_action,0.9848
GX010047,model_convolution,size_5_featuresE,3231,no_action,0.9888
GX010047,model_convolution,size_5_featuresE,3255,no_action,0.9880
GX010047,model_convolution,size_5_featuresE,3279,no_action,0.9897
GX010062,model_convolution,size_5_featuresE,141,no_action,0.7395
GX010062,model_convolution,size_5_featuresE,165,no_action,0.9243
GX010062,model_convolution,size_5_featuresE,189,fasten,0.9992
GX010062,model_convolution,size_5_featuresE,217,no_action,0.8418
GX010062,model_convolution,size_5_featuresE,241,no_action,0.7606
GX010062,model_convolution,size_5_featuresE,265,fasten,0.9962
GX010062,model_convolution,size_5_featuresE,289,no_action,0.9308
GX010062,model_convolution,size_5_featuresE,313,unfasten,0.9991
GX010062,model_convolution,size_5_featuresE,337,unfasten,0.9986
GX010062,model_convolution,size_5_featuresE,361,unfasten,0.9991
GX010062,model_convolution,size_5_featuresE,385,unfasten,0.9997
GX010062,model_convolution,size_5_featuresE,409,no_action,0.9128
GX010062,model_convolution,size_5_featuresE,433,unfasten,0.9998
GX010062,model_convolution,size_5_featuresE,457,fasten,0.9986
GX010062,model_convolution,size_5_featuresE,481,fasten,0.9998
GX010062,model_convolution,size_5_featuresE,505,fasten,0.9520
GX010062,model_convolution,size_5_featuresE,529,fasten,0.9999
GX010062,model_convolution,size_5_featuresE,553,fasten,0.9999
GX010062,model_convolution,size_5_featuresE,577,fasten,0.9999
GX010062,model_convolution,size_5_featuresE,601,fasten,0.9999
GX010062,model_convolution,size_5_featuresE,625,no_action,0.9075
GX010062,model_convolution,size_5_featuresE,649,no_action,0.6977
GX010062,model_convolution,size_5_featuresE,673,no_action,0.9731
GX010062,model_convolution,size_5_featuresE,697,no_action,0.9913
GX010062,model_convolution,size_5_featuresE,721,no_action,0.9970
GX010062,model_convolution,size_5_featuresE,745,no_action,0.9970
GX010062,model_convolution,size_5_featuresE,769,no_action,0.9969
GX010062,model_convolution,size_5_featuresE,793,no_action,0.9969
GX010062,model_convolution,size_5_featuresE,817,no_action,0.9966
GX010062,model_convolution,size_5_featuresE,841,unfasten,0.9998
GX010062,model_convolution,size_5_featuresE,865,unfasten,0.9998
GX010062,model_convolution,size_5_featuresE,889,no_action,0.8198
GX010062,model_convolution,size_5_featuresE,913,fasten,0.9999
GX010062,model_convolution,size_5_featuresE,937,fasten,0.9997
GX010062,model_convolution,size_5_featuresE,961,fasten,0.9956
GX010062,model_convolution,size_5_featuresE,985,no_action,0.9945
GX010062,model_convolution,size_5_featuresE,1009,no_action,0.9952
GX010062,model_convolution,size_5_featuresE,1033,no_action,0.9832
GX010062,model_convolution,size_5_featuresE,1057,no_action,0.9149
GX010062,model_convolution,size_5_featuresE,1081,no_action,0.6047
GX010062,model_convolution,size_5_featuresE,1105,no_action,0.5503
GX010062,model_convolution,size_5_featuresE,1129,no_action,0.4435
GX010062,model_convolution,size_5_featuresE,1153,no_action,0.9889
GX010062,model_convolution,size_5_featuresE,1177,no_action,0.9964
GX010062,model_convolution,size_5_featuresE,1201,no_action,0.9967
GX010062,model_convolution,size_5_featuresE,1225,no_action,0.9964
GX010062,model_convolution,size_5_featuresE,1249,no_action,0.9965
GX010062,model_convolution,size_5_featuresE,1273,no_action,0.9967
GX010062,model_convolution,size_5_featuresE,1297,no_action,0.9968
GX010062,model_convolution,size_5_featuresE,1321,no_action,0.9968
GX010062,model_convolution,size_5_featuresE,1345,no_action,0.9952
GX010062,model_convolution,size_5_featuresE,1369,no_action,0.9942
GX010062,model_convolution,size_5_featuresE,1393,no_action,0.9834
GX010062,model_convolution,size_5_featuresE,1417,no_action,0.9825
GX010062,model_convolution,size_5_featuresE,1441,no_action,0.9883
GX010062,model_convolution,size_5_featuresE,1465,no_action,0.9409
GX010062,model_convolution,size_5_featuresE,1489,no_action,0.8870
GX010062,model_convolution,size_5_featuresE,1513,no_action,0.9915
GX010062,model_convolution,size_5_featuresE,1537,no_action,0.9889
GX010062,model_convolution,size_5_featuresE,1561,no_action,0.9910
GX010062,model_convolution,size_5_featuresE,1585,no_action,0.9934
GX010062,model_convolution,size_5_featuresE,1609,no_action,0.9942
GX010062,model_convolution,size_5_featuresE,1633,no_action,0.9952
GX010062,model_convolution,size_5_featuresE,1657,no_action,0.9956
GX010062,model_convolution,size_5_featuresE,1681,no_action,0.9956
GX010062,model_convolution,size_5_featuresE,1705,no_action,0.9951
GX010062,model_convolution,size_5_featuresE,1729,no_action,0.9945
GX010062,model_convolution,size_5_featuresE,1753,no_action,0.9953
GX010062,model_convolution,size_5_featuresE,1777,no_action,0.9965
GX010062,model_convolution,size_5_featuresE,1801,no_action,0.9968
GX010062,model_convolution,size_5_featuresE,1825,no_action,0.9965
GX010062,model_convolution,size_5_featuresE,1849,no_action,0.9945
GX010062,model_convolution,size_5_featuresE,1873,no_action,0.9904
GX010062,model_convolution,size_5_featuresE,1897,no_action,0.9846
GX010062,model_convolution,size_5_featuresE,1921,no_action,0.9626
GX010062,model_convolution,size_5_featuresE,1945,no_action,0.9954
GX010062,model_convolution,size_5_featuresE,1969,no_action,0.9963
GX010062,model_convolution,size_5_featuresE,1993,unfasten,0.9763
GX010062,model_convolution,size_5_featuresE,2017,unfasten,0.9967
GX010062,model_convolution,size_5_featuresE,2041,unfasten,0.9992
GX010062,model_convolution,size_5_featuresE,2065,no_action,0.7405
GX010062,model_convolution,size_5_featuresE,2089,unfasten,0.9991
GX010062,model_convolution,size_5_featuresE,2113,unfasten,0.9996
GX010062,model_convolution,size_5_featuresE,2137,unfasten,0.9995
GX010062,model_convolution,size_5_featuresE,2161,unfasten,0.9997
GX010062,model_convolution,size_5_featuresE,2185,unfasten,0.9777
GX010062,model_convolution,size_5_featuresE,2209,no_action,0.8308
GX010062,model_convolution,size_5_featuresE,2233,no_action,0.9026
GX010062,model_convolution,size_5_featuresE,2257,no_action,0.9758
GX010062,model_convolution,size_5_featuresE,2281,no_action,0.9972
GX010062,model_convolution,size_5_featuresE,2305,no_action,0.9970
GX010062,model_convolution,size_5_featuresE,2329,no_action,0.9964
GX010062,model_convolution,size_5_featuresE,2353,no_action,0.9932
GX010062,model_convolution,size_5_featuresE,2377,no_action,0.9588
GX010062,model_convolution,size_5_featuresE,2401,no_action,0.7759
GX010062,model_convolution,size_5_featuresE,2425,no_action,0.7078
GX010062,model_convolution,size_5_featuresE,2449,no_action,0.9799
GX010062,model_convolution,size_5_featuresE,2473,no_action,0.9952
GX010062,model_convolution,size_5_featuresE,2497,no_action,0.9957
GX010062,model_convolution,size_5_featuresE,2521,no_action,0.9960
GX010062,model_convolution,size_5_featuresE,2545,no_action,0.9761
GX010062,model_convolution,size_5_featuresE,2569,no_action,0.7175
GX010062,model_convolution,size_5_featuresE,2593,no_action,0.7248
GX010062,model_convolution,size_5_featuresE,2617,no_action,0.7959
GX010062,model_convolution,size_5_featuresE,2641,no_action,0.8010
GX010062,model_convolution,size_5_featuresE,2665,no_action,0.9890
GX010062,model_convolution,size_5_featuresE,2689,no_action,0.9961
GX010062,model_convolution,size_5_featuresE,2713,no_action,0.9969
GX010062,model_convolution,size_5_featuresE,2737,no_action,0.9969
GX010062,model_convolution,size_5_featuresE,2761,no_action,0.9968
GX010062,model_convolution,size_5_featuresE,2785,no_action,0.9967
GX010062,model_convolution,size_5_featuresE,2809,no_action,0.9958
GX010062,model_convolution,size_5_featuresE,2833,no_action,0.9872
GX010062,model_convolution,size_5_featuresE,2857,no_action,0.6914
GX010062,model_convolution,size_5_featuresE,2881,unfasten,0.9983
GX010062,model_convolution,size_5_featuresE,2905,no_action,0.7596
GX010062,model_convolution,size_5_featuresE,2929,no_action,0.8083
GX010062,model_convolution,size_5_featuresE,2953,no_action,0.6189
GX010062,model_convolution,size_5_featuresE,2977,no_action,0.9831
GX010062,model_convolution,size_5_featuresE,3001,no_action,0.9949
GX010062,model_convolution,size_5_featuresE,3025,no_action,0.9957
GX010062,model_convolution,size_5_featuresE,3049,no_action,0.9955
GX010062,model_convolution,size_5_featuresE,3073,no_action,0.9960
GX010062,model_convolution,size_5_featuresE,3097,no_action,0.9967
GX010062,model_convolution,size_5_featuresE,3121,no_action,0.9971
GX010062,model_convolution,size_5_featuresE,3145,unfasten,0.9623
GX010062,model_convolution,size_5_featuresE,3169,unfasten,0.9595
guvc-4,model_convolution,size_5_featuresE,173,no_action,0.9233
guvc-4,model_convolution,size_5_featuresE,186,no_action,0.9408
guvc-4,model_convolution,size_5_featuresE,198,gear,0.9574
guvc-4,model_convolution,size_5_featuresE,210,fasten,0.9863
guvc-4,model_convolution,size_5_featuresE,222,no_action,0.9481
guvc-4,model_convolution,size_5_featuresE,237,unfasten,0.9662
guvc-4,model_convolution,size_5_featuresE,249,unfasten,0.9993
guvc-4,model_convolution,size_5_featuresE,261,unfasten,0.9995
guvc-4,model_convolution,size_5_featuresE,273,unfasten,0.9994
guvc-4,model_convolution,size_5_featuresE,285,unfasten,0.9990
guvc-4,model_convolution,size_5_featuresE,297,unfasten,0.9998
guvc-4,model_convolution,size_5_featuresE,309,unfasten,0.9996
guvc-4,model_convolution,size_5_featuresE,321,unfasten,0.9996
guvc-4,model_convolution,size_5_featuresE,333,unfasten,0.9996
guvc-4,model_convolution,size_5_featuresE,345,unfasten,0.9998
guvc-4,model_convolution,size_5_featuresE,357,unfasten,0.9994
guvc-4,model_convolution,size_5_featuresE,369,unfasten,0.9981
guvc-4,model_convolution,size_5_featuresE,381,unfasten,0.9998
guvc-4,model_convolution,size_5_featuresE,393,unfasten,0.9998
guvc-4,model_convolution,size_5_featuresE,405,unfasten,0.9998
guvc-4,model_convolution,size_5_featuresE,417,unfasten,0.9985
guvc-4,model_convolution,size_5_featuresE,429,fasten,0.9998
guvc-4,model_convolution,size_5_featuresE,441,phone,0.9996
guvc-4,model_convolution,size_5_featuresE,453,phone,0.9734
guvc-4,model_convolution,size_5_featuresE,465,fasten,0.9998
guvc-4,model_convolution,size_5_featuresE,477,fasten,0.9998
guvc-4,model_convolution,size_5_featuresE,489,fasten,0.9996
guvc-4,model_convolution,size_5_featuresE,501,unfasten,0.9998
guvc-4,model_convolution,size_5_featuresE,513,unfasten,0.9998
guvc-4,model_convolution,size_5_featuresE,525,unfasten,0.9998
guvc-4,model_convolution,size_5_featuresE,537,phone,0.9998
guvc-4,model_convolution,size_5_featuresE,549,phone,0.9998
guvc-4,model_convolution,size_5_featuresE,561,phone,0.9998
guvc-4,model_convolution,size_5_featuresE,573,phone,0.9998
guvc-4,model_convolution,size_5_featuresE,585,phone,0.9839
guvc-4,model_convolution,size_5_featuresE,597,fasten,0.9993
guvc-4,model_convolution,size_5_featuresE,609,fasten,0.9923
guvc-4,model_convolution,size_5_featuresE,621,no_action,0.5414
guvc-4,model_convolution,size_5_featuresE,633,no_action,0.9958
guvc-4,model_convolution,size_5_featuresE,645,no_action,0.8822
guvc-4,model_convolution,size_5_featuresE,657,unfasten,0.9792
guvc-4,model_convolution,size_5_featuresE,669,no_action,0.7816
guvc-4,model_convolution,size_5_featuresE,681,no_action,0.8921
guvc-4,model_convolution,size_5_featuresE,693,phone,0.9989
guvc-4,model_convolution,size_5_featuresE,705,phone,0.9991
guvc-4,model_convolution,size_5_featuresE,717,phone,0.9991
guvc-4,model_convolution,size_5_featuresE,729,phone,0.9991
guvc-4,model_convolution,size_5_featuresE,741,phone,0.9991
guvc-4,model_convolution,size_5_featuresE,753,phone,0.9991
guvc-4,model_convolution,size_5_featuresE,765,phone,0.9991
guvc-4,model_convolution,size_5_featuresE,777,phone,0.9991
guvc-4,model_convolution,size_5_featuresE,789,no_action,0.9743
guvc-4,model_convolution,size_5_featuresE,801,no_action,0.9992
guvc-4,model_convolution,size_5_featuresE,813,no_action,0.9990
guvc-4,model_convolution,size_5_featuresE,825,no_action,0.9685
guvc-4,model_convolution,size_5_featuresE,837,no_action,0.9728
guvc-4,model_convolution,size_5_featuresE,849,no_action,0.8433
guvc-4,model_convolution,size_5_featuresE,861,unfasten,0.9995
guvc-4,model_convolution,size_5_featuresE,873,unfasten,0.9976
guvc-4,model_convolution,size_5_featuresE,885,unfasten,0.9930
guvc-4,model_convolution,size_5_featuresE,897,unfasten,0.9987
guvc-4,model_convolution,size_5_featuresE,909,unfasten,0.9998
guvc-4,model_convolution,size_5_featuresE,921,no_action,0.6184
guvc-4,model_convolution,size_5_featuresE,933,fasten,0.9867
guvc-4,model_convolution,size_5_featuresE,945,fasten,0.9999
guvc-4,model_convolution,size_5_featuresE,957,fasten,0.9999
guvc-4,model_convolution,size_5_featuresE,969,fasten,0.9998
guvc-4,model_convolution,size_5_featuresE,981,fasten,0.9997
guvc-4,model_convolution,size_5_featuresE,993,fasten,0.9999
guvc-4,model_convolution,size_5_featuresE,1005,fasten,0.9999
guvc-4,model_convolution,size_5_featuresE,1017,fasten,0.9999
guvc-4,model_convolution,size_5_featuresE,1029,gear,0.9946
guvc-4,model_convolution,size_5_featuresE,1041,gear,0.9908
guvc-4,model_convolution,size_5_featuresE,1053,no_action,0.7993
guvc-4,model_convolution,size_5_featuresE,1065,no_action,0.9182
guvc-4,model_convolution,size_5_featuresE,1077,no_action,0.6696
guvc-4,model_convolution,size_5_featuresE,1089,gear,0.9717
guvc-4,model_convolution,size_5_featuresE,1101,gear,0.9883
guvc-4,model_convolution,size_5_featuresE,1113,gear,0.9920
guvc-4,model_convolution,size_5_featuresE,1125,gear,0.9932
guvc-4,model_convolution,size_5_featuresE,1137,gear,0.9934
guvc-4,model_convolution,size_5_featuresE,1149,gear,0.9935
guvc-4,model_convolution,size_5_featuresE,1161,gear,0.9935
guvc-4,model_convolution,size_5_featuresE,1173,gear,0.9935
guvc-4,model_convolution,size_5_featuresE,1185,gear,0.9937
guvc-4,model_convolution,size_5_featuresE,1197,gear,0.9937
guvc-4,model_convolution,size_5_featuresE,1209,gear,0.9940
guvc-4,model_convolution,size_5_featuresE,1221,gear,0.9929
guvc-4,model_convolution,size_5_featuresE,1233,no_action,0.8350
guvc-4,model_convolution,size_5_featuresE,1245,no_action,0.9592
guvc-4,model_convolution,size_5_featuresE,1257,no_action,0.9800
guvc-4,model_convolution,size_5_featuresE,1269,no_action,0.9830
guvc-4,model_convolution,size_5_featuresE,1281,no_action,0.9664
guvc-4,model_convolution,size_5_featuresE,1293,no_action,0.9774
guvc-4,model_convolution,size_5_featuresE,1305,no_action,0.9835
guvc-4,model_convolution,size_5_featuresE,1317,no_action,0.9858
guvc-4,model_convolution,size_5_featuresE,1329,no_action,0.9883
guvc-4,model_convolution,size_5_featuresE,1341,no_action,0.9848
guvc-4,model_convolution,size_5_featuresE,1353,no_action,0.9883
guvc-4,model_convolution,size_5_featuresE,1365,no_action,0.9827
guvc-4,model_convolution,size_5_featuresE,1377,no_action,0.8470
guvc-4,model_convolution,size_5_featuresE,1389,no_action,0.6256
guvc-4,model_convolution,size_5_featuresE,1401,no_action,0.9605
guvc-4,model_convolution,size_5_featuresE,1413,no_action,0.9735
guvc-4,model_convolution,size_5_featuresE,1425,no_action,0.7900
guvc-4,model_convolution,size_5_featuresE,1437,no_action,0.8505
guvc-4,model_convolution,size_5_featuresE,1449,no_action,0.9625
guvc-4,model_convolution,size_5_featuresE,1461,no_action,0.9674
guvc-4,model_convolution,size_5_featuresE,1473,no_action,0.9695
guvc-4,model_convolution,size_5_featuresE,1485,no_action,0.9718
guvc-4,model_convolution,size_5_featuresE,1497,no_action,0.8769
guvc-4,model_convolution,size_5_featuresE,1509,gear,0.9861
guvc-4,model_convolution,size_5_featuresE,1521,gear,0.9910
guvc-4,model_convolution,size_5_featuresE,1533,gear,0.9924
guvc-4,model_convolution,size_5_featuresE,1545,gear,0.9931
guvc-4,model_convolution,size_5_featuresE,1557,gear,0.9933
guvc-4,model_convolution,size_5_featuresE,1569,gear,0.9935
guvc-4,model_convolution,size_5_featuresE,1581,gear,0.9936
guvc-4,model_convolution,size_5_featuresE,1593,gear,0.9937
guvc-4,model_convolution,size_5_featuresE,1605,gear,0.9872
guvc-4,model_convolution,size_5_featuresE,1617,no_action,0.8660
guvc-4,model_convolution,size_5_featuresE,1629,no_action,0.9506
guvc-4,model_convolution,size_5_featuresE,1641,no_action,0.9712
guvc-4,model_convolution,size_5_featuresE,1653,no_action,0.9742
guvc-4,model_convolution,size_5_featuresE,1665,no_action,0.9759
guvc-4,model_convolution,size_5_featuresE,1677,no_action,0.9786
guvc-4,model_convolution,size_5_featuresE,1689,no_action,0.9829
guvc-4,model_convolution,size_5_featuresE,1701,no_action,0.9857
guvc-4,model_convolution,size_5_featuresE,1713,no_action,0.9925
guvc-4,model_convolution,size_5_featuresE,1725,no_action,0.9948
guvc-4,model_convolution,size_5_featuresE,1737,no_action,0.5306
guvc-4,model_convolution,size_5_featuresE,1749,no_action,0.6183
guvc-4,model_convolution,size_5_featuresE,1761,no_action,0.9817
guvc-4,model_convolution,size_5_featuresE,1773,no_action,0.9835
guvc-4,model_convolution,size_5_featuresE,1785,no_action,0.8675
guvc-4,model_convolution,size_5_featuresE,1797,no_action,0.9891
guvc-4,model_convolution,size_5_featuresE,1809,no_action,0.9890
guvc-4,model_convolution,size_5_featuresE,1821,no_action,0.9941
guvc-4,model_convolution,size_5_featuresE,1833,no_action,0.9962
guvc-4,model_convolution,size_5_featuresE,1845,no_action,0.9969
guvc-4,model_convolution,size_5_featuresE,1857,unfasten,0.9954
guvc-4,model_convolution,size_5_featuresE,1869,unfasten,0.9995
guvc-4,model_convolution,size_5_featuresE,1881,no_action,0.8926
guvc-4,model_convolution,size_5_featuresE,1893,phone,0.9856
guvc-4,model_convolution,size_5_featuresE,1905,phone,0.9990
guvc-4,model_convolution,size_5_featuresE,1917,phone,0.9992
guvc-4,model_convolution,size_5_featuresE,1929,phone,0.9992
guvc-4,model_convolution,size_5_featuresE,1941,phone,0.9992
guvc-4,model_convolution,size_5_featuresE,1953,phone,0.9992
guvc-4,model_convolution,size_5_featuresE,1965,phone,0.9992
guvc-4,model_convolution,size_5_featuresE,1977,phone,0.9992
guvc-4,model_convolution,size_5_featuresE,1989,phone,0.9992
guvc-4,model_convolution,size_5_featuresE,2001,no_action,0.9953
guvc-4,model_convolution,size_5_featuresE,2013,fasten,0.9997
guvc-4,model_convolution,size_5_featuresE,2025,fasten,0.9999
guvc-4,model_convolution,size_5_featuresE,2037,fasten,0.9999
guvc-4,model_convolution,size_5_featuresE,2049,gear,0.9950
guvc-4,model_convolution,size_5_featuresE,2061,no_action,0.6188
guvc-4,model_convolution,size_5_featuresE,2073,no_action,0.9091
guvc-4,model_convolution,size_5_featuresE,2085,unfasten,0.9996
guvc-4,model_convolution,size_5_featuresE,2097,unfasten,0.9829
guvc-4,model_convolution,size_5_featuresE,2109,fasten,0.9998
guvc-4,model_convolution,size_5_featuresE,2121,no_action,0.9385
guvc-4,model_convolution,size_5_featuresE,2133,fasten,0.9999
guvc-4,model_convolution,size_5_featuresE,2145,no_action,0.8067
guvc-4,model_convolution,size_5_featuresE,2157,no_action,0.5574
guvc-4,model_convolution,size_5_featuresE,2169,gear,0.9808
guvc-4,model_convolution,size_5_featuresE,2181,gear,0.9907
guvc-4,model_convolution,size_5_featuresE,2193,gear,0.9915
guvc-4,model_convolution,size_5_featuresE,2205,gear,0.9932
guvc-4,model_convolution,size_5_featuresE,2217,gear,0.9938
guvc-4,model_convolution,size_5_featuresE,2229,gear,0.9936
guvc-4,model_convolution,size_5_featuresE,2241,gear,0.9938
guvc-4,model_convolution,size_5_featuresE,2253,gear,0.9940
guvc-4,model_convolution,size_5_featuresE,2265,gear,0.9940
guvc-4,model_convolution,size_5_featuresE,2277,gear,0.9940
guvc-4,model_convolution,size_5_featuresE,2289,gear,0.9940
guvc-4,model_convolution,size_5_featuresE,2301,gear,0.9939
guvc-4,model_convolution,size_5_featuresE,2313,gear,0.9937
guvc-4,model_convolution,size_5_featuresE,2325,gear,0.9935
guvc-4,model_convolution,size_5_featuresE,2337,gear,0.9937
guvc-4,model_convolution,size_5_featuresE,2349,gear,0.9938
guvc-4,model_convolution,size_5_featuresE,2361,gear,0.9899
guvc-4,model_convolution,size_5_featuresE,2373,no_action,0.8962
guvc-4,model_convolution,size_5_featuresE,2385,unfasten,0.9975
guvc-4,model_convolution,size_5_featuresE,2397,unfasten,0.9997
guvc-4,model_convolution,size_5_featuresE,2409,unfasten,0.9998
guvc-4,model_convolution,size_5_featuresE,2421,unfasten,0.9998
guvc-4,model_convolution,size_5_featuresE,2433,unfasten,0.9998
guvc-4,model_convolution,size_5_featuresE,2445,unfasten,0.9998
guvc-4,model_convolution,size_5_featuresE,2457,no_action,0.7341
guvc-4,model_convolution,size_5_featuresE,2469,unfasten,0.9723
guvc-4,model_convolution,size_5_featuresE,2481,unfasten,0.9722
guvc-4,model_convolution,size_5_featuresE,2493,no_action,0.8591
guvc-4,model_convolution,size_5_featuresE,2505,no_action,0.9913
guvc-4,model_convolution,size_5_featuresE,2517,no_action,0.5861
guvc-4,model_convolution,size_5_featuresE,2529,no_action,0.9927
guvc-4,model_convolution,size_5_featuresE,2541,no_action,0.9874
guvc-4,model_convolution,size_5_featuresE,2553,no_action,0.9827
guvc-4,model_convolution,size_5_featuresE,2565,no_action,0.9824
guvc-4,model_convolution,size_5_featuresE,2577,no_action,0.9553
guvc-4,model_convolution,size_5_featuresE,2589,no_action,0.9050
guvc-4,model_convolution,size_5_featuresE,2601,no_action,0.9726
guvc-4,model_convolution,size_5_featuresE,2613,no_action,0.9704
guvc-4,model_convolution,size_5_featuresE,2625,gear,0.9767
guvc-4,model_convolution,size_5_featuresE,2637,gear,0.9890
guvc-4,model_convolution,size_5_featuresE,2649,no_action,0.8552
guvc-4,model_convolution,size_5_featuresE,2661,unfasten,0.9997
guvc-4,model_convolution,size_5_featuresE,2673,unfasten,0.9998
guvc-4,model_convolution,size_5_featuresE,2685,unfasten,0.9998
guvc-4,model_convolution,size_5_featuresE,2697,unfasten,0.9997
guvc-4,model_convolution,size_5_featuresE,2709,phone,0.9998
guvc-4,model_convolution,size_5_featuresE,2721,phone,0.9998
guvc-4,model_convolution,size_5_featuresE,2733,phone,0.9989
guvc-4,model_convolution,size_5_featuresE,2745,fasten,0.9995
guvc-4,model_convolution,size_5_featuresE,2757,fasten,0.9999
guvc-4,model_convolution,size_5_featuresE,2769,fasten,0.9999
guvc-4,model_convolution,size_5_featuresE,2781,gear,0.9672
guvc-4,model_convolution,size_5_featuresE,2793,gear,0.9929
guvc-4,model_convolution,size_5_featuresE,2805,gear,0.9951
guvc-4,model_convolution,size_5_featuresE,2817,unfasten,0.9967
guvc-4,model_convolution,size_5_featuresE,2829,unfasten,0.9968
guvc-4,model_convolution,size_5_featuresE,2841,no_action,0.8770
guvc-4,model_convolution,size_5_featuresE,2853,no_action,0.5999
guvc-4,model_convolution,size_5_featuresE,2865,no_action,0.9992
guvc-4,model_convolution,size_5_featuresE,2877,no_action,0.9993
guvc-4,model_convolution,size_5_featuresE,2889,no_action,0.6173
guvc-4,model_convolution,size_5_featuresE,2901,fasten,0.9997
guvc-4,model_convolution,size_5_featuresE,2913,fasten,0.9999
guvc-4,model_convolution,size_5_featuresE,2925,gear,0.9765
guvc-4,model_convolution,size_5_featuresE,2937,no_action,0.9294
guvc-4,model_convolution,size_5_featuresE,2949,no_action,0.9844
guvc-4,model_convolution,size_5_featuresE,2961,no_action,0.9901
guvc-4,model_convolution,size_5_featuresE,2973,no_action,0.9934
guvc-4,model_convolution,size_5_featuresE,2985,no_action,0.9923
guvc-4,model_convolution,size_5_featuresE,2997,no_action,0.9936
guvc-4,model_convolution,size_5_featuresE,3009,no_action,0.9917
guvc-4,model_convolution,size_5_featuresE,3021,no_action,0.9932
guvc-4,model_convolution,size_5_featuresE,3033,no_action,0.9789
guvc-4,model_convolution,size_5_featuresE,3045,no_action,0.6994
guvc-4,model_convolution,size_5_featuresE,3057,no_action,0.9886
guvc-4,model_convolution,size_5_featuresE,3069,no_action,0.9848
guvc-4,model_convolution,size_5_featuresE,3081,no_action,0.9852
guvc-4,model_convolution,size_5_featuresE,3093,no_action,0.9896
guvc-4,model_convolution,size_5_featuresE,3105,no_action,0.9911
guvc-4,model_convolution,size_5_featuresE,3117,no_action,0.9859
guvc-4,model_convolution,size_5_featuresE,3129,no_action,0.9165
guvc-4,model_convolution,size_5_featuresE,3141,no_action,0.9859
guvc-4,model_convolution,size_5_featuresE,3153,no_action,0.9897
guvc-4,model_convolution,size_5_featuresE,3165,no_action,0.9913
guvc-4,model_convolution,size_5_featuresE,3177,no_action,0.9910
guvc-4,model_convolution,size_5_featuresE,3189,no_action,0.9784
guvc-4,model_convolution,size_5_featuresE,3201,gear,0.9579
guvc-4,model_convolution,size_5_featuresE,3213,gear,0.9838
guvc-4,model_convolution,size_5_featuresE,3225,gear,0.9928
guvc-4,model_convolution,size_5_featuresE,3237,gear,0.9937
guvc-4,model_convolution,size_5_featuresE,3249,gear,0.9933
guvc-4,model_convolution,size_5_featuresE,3261,gear,0.9937
guvc-4,model_convolution,size_5_featuresE,3273,gear,0.9939
guvc-4,model_convolution,size_5_featuresE,3285,gear,0.9934
guvc-4,model_convolution,size_5_featuresE,3297,gear,0.9936
guvc-4,model_convolution,size_5_featuresE,3309,gear,0.9690
guvc-4,model_convolution,size_5_featuresE,3321,no_action,0.9142
guvc-4,model_convolution,size_5_featuresE,3333,no_action,0.9799
guvc-4,model_convolution,size_5_featuresE,3345,no_action,0.9888
guvc-4,model_convolution,size_5_featuresE,3357,no_action,0.9921
guvc-4,model_convolution,size_5_featuresE,3369,no_action,0.9899
guvc-4,model_convolution,size_5_featuresE,3381,no_action,0.9873
guvc-4,model_convolution,size_5_featuresE,3393,no_action,0.9853
guvc-4,model_convolution,size_5_featuresE,3405,no_action,0.9848
guvc-4,model_convolution,size_5_featuresE,3417,no_action,0.9849
guvc-4,model_convolution,size_5_featuresE,3429,no_action,0.9670
guvc-4,model_convolution,size_5_featuresE,3441,gear,0.9680
guvc-4,model_convolution,size_5_featuresE,3453,gear,0.9906
guvc-4,model_convolution,size_5_featuresE,3465,unfasten,0.9789
guvc-4,model_convolution,size_5_featuresE,3477,no_action,0.6466
guvc-4,model_convolution,size_5_featuresE,3489,no_action,0.8692
guvc-4,model_convolution,size_5_featuresE,3501,phone,0.9947
guvc-4,model_convolution,size_5_featuresE,3513,phone,0.9992
guvc-4,model_convolution,size_5_featuresE,3525,phone,0.9992
guvc-4,model_convolution,size_5_featuresE,3537,phone,0.9992
guvc-4,model_convolution,size_5_featuresE,3549,phone,0.9992
guvc-4,model_convolution,size_5_featuresE,3561,phone,0.9992
guvc-4,model_convolution,size_5_featuresE,3573,phone,0.9992
guvc-4,model_convolution,size_5_featuresE,3585,phone,0.9992
guvc-4,model_convolution,size_5_featuresE,3597,phone,0.9992
guvc-4,model_convolution,size_5_featuresE,3609,phone,0.9992
guvc-4,model_convolution,size_5_featuresE,3621,phone,0.9992
guvc-4,model_convolution,size_5_featuresE,3633,phone,0.9992
guvc-4,model_convolution,size_5_featuresE,3645,phone,0.9992
guvc-4,model_convolution,size_5_featuresE,3657,phone,0.9992
guvc-4,model_convolution,size_5_featuresE,3669,phone,0.9992
guvc-4,model_convolution,size_5_featuresE,3681,no_action,0.8880
guvc-4,model_convolution,size_5_featuresE,3693,no_action,0.9991
guvc-4,model_convolution,size_5_featuresE,3705,fasten,0.9999
guvc-4,model_convolution,size_5_featuresE,3717,fasten,0.9998
guvc-4,model_convolution,size_5_featuresE,3729,no_action,0.8127
guvc-4,model_convolution,size_5_featuresE,3741,no_action,0.9144
guvc-4,model_convolution,size_5_featuresE,3753,no_action,0.9809
guvc-4,model_convolution,size_5_featuresE,3765,no_action,0.9901
guvc-4,model_convolution,size_5_featuresE,3777,no_action,0.9929
guvc-4,model_convolution,size_5_featuresE,3789,no_action,0.9937
guvc-4,model_convolution,size_5_featuresE,3801,no_action,0.9930
guvc-4,model_convolution,size_5_featuresE,3813,no_action,0.9881
guvc-4,model_convolution,size_5_featuresE,3825,no_action,0.9757
guvc-4,model_convolution,size_5_featuresE,3837,no_action,0.9781
guvc-4,model_convolution,size_5_featuresE,3849,no_action,0.9227
guvc-4,model_convolution,size_5_featuresE,3861,unfasten,0.9997
guvc-4,model_convolution,size_5_featuresE,3873,unfasten,0.9998
guvc-4,model_convolution,size_5_featuresE,3885,unfasten,0.9999
guvc-4,model_convolution,size_5_featuresE,3897,no_action,0.6701
guvc-4,model_convolution,size_5_featuresE,3909,fasten,0.9999
guvc-4,model_convolution,size_5_featuresE,3921,fasten,0.9999
guvc-4,model_convolution,size_5_featuresE,3933,fasten,0.9999
guvc-4,model_convolution,size_5_featuresE,3945,gear,0.9903
guvc-4,model_convolution,size_5_featuresE,3957,gear,0.9944
guvc-4,model_convolution,size_5_featuresE,3969,gear,0.9945
guvc-4,model_convolution,size_5_featuresE,3981,gear,0.9909
guvc-4,model_convolution,size_5_featuresE,3993,no_action,0.5823
guvc-4,model_convolution,size_5_featuresE,4005,no_action,0.9661
guvc-4,model_convolution,size_5_featuresE,4017,no_action,0.9868
guvc-4,model_convolution,size_5_featuresE,4029,no_action,0.9918
guvc-4,model_convolution,size_5_featuresE,4041,no_action,0.9902
guvc-4,model_convolution,size_5_featuresE,4053,no_action,0.9877
guvc-4,model_convolution,size_5_featuresE,4065,no_action,0.9884
guvc-4,model_convolution,size_5_featuresE,4077,no_action,0.9887
guvc-4,model_convolution,size_5_featuresE,4089,no_action,0.9886
guvc-4,model_convolution,size_5_featuresE,4101,no_action,0.9881
guvc-4,model_convolution,size_5_featuresE,4113,no_action,0.9877
guvc-4,model_convolution,size_5_featuresE,4125,no_action,0.9743
guvc-4,model_convolution,size_5_featuresE,4137,gear,0.9607
guvc-4,model_convolution,size_5_featuresE,4149,gear,0.9903
guvc-4,model_convolution,size_5_featuresE,4161,gear,0.9943
guvc-4,model_convolution,size_5_featuresE,4173,unfasten,0.9578
guvc-4,model_convolution,size_5_featuresE,4185,no_action,0.8516
guvc-4,model_convolution,size_5_featuresE,4197,no_action,0.8130
guvc-4,model_convolution,size_5_featuresE,4209,phone,0.9933
guvc-4,model_convolution,size_5_featuresE,4221,phone,0.9992
guvc-4,model_convolution,size_5_featuresE,4233,phone,0.9992
guvc-4,model_convolution,size_5_featuresE,4245,phone,0.9992
guvc-4,model_convolution,size_5_featuresE,4257,phone,0.9992
guvc-4,model_convolution,size_5_featuresE,4269,no_action,0.9959
guvc-4,model_convolution,size_5_featuresE,4281,fasten,0.9998
guvc-4,model_convolution,size_5_featuresE,4293,fasten,0.9999
guvc-4,model_convolution,size_5_featuresE,4305,fasten,0.9999
guvc-4,model_convolution,size_5_featuresE,4317,no_action,0.8978
guvc-4,model_convolution,size_5_featuresE,4329,no_action,0.9775
guvc-4,model_convolution,size_5_featuresE,4341,unfasten,0.9998
guvc-4,model_convolution,size_5_featuresE,4353,unfasten,0.9998
guvc-4,model_convolution,size_5_featuresE,4365,unfasten,0.9999
guvc-4,model_convolution,size_5_featuresE,4377,unfasten,0.9971
guvc-4,model_convolution,size_5_featuresE,4389,phone,0.9998
guvc-4,model_convolution,size_5_featuresE,4401,phone,0.9998
guvc-4,model_convolution,size_5_featuresE,4413,phone,0.9998
guvc-4,model_convolution,size_5_featuresE,4425,phone,0.9996
guvc-4,model_convolution,size_5_featuresE,4437,fasten,0.9886
guvc-4,model_convolution,size_5_featuresE,4449,fasten,0.9998
guvc-4,model_convolution,size_5_featuresE,4461,fasten,0.9999
guvc-4,model_convolution,size_5_featuresE,4473,gear,0.9748
guvc-4,model_convolution,size_5_featuresE,4485,no_action,0.9390
guvc-4,model_convolution,size_5_featuresE,4497,gear,0.9913
guvc-4,model_convolution,size_5_featuresE,4509,gear,0.9946
guvc-4,model_convolution,size_5_featuresE,4521,gear,0.9948
guvc-4,model_convolution,size_5_featuresE,4533,gear,0.9945
guvc-4,model_convolution,size_5_featuresE,4545,gear,0.9945
guvc-4,model_convolution,size_5_featuresE,4557,gear,0.9945
guvc-4,model_convolution,size_5_featuresE,4569,gear,0.9944
guvc-4,model_convolution,size_5_featuresE,4581,gear,0.9944
guvc-4,model_convolution,size_5_featuresE,4593,gear,0.9905
guvc-4,model_convolution,size_5_featuresE,4605,no_action,0.8184
guvc-4,model_convolution,size_5_featuresE,4617,no_action,0.9689
guvc-4,model_convolution,size_5_featuresE,4629,no_action,0.9872
guvc-4,model_convolution,size_5_featuresE,4641,no_action,0.9911
guvc-4,model_convolution,size_5_featuresE,4653,no_action,0.9879
guvc-4,model_convolution,size_5_featuresE,4665,no_action,0.9887
guvc-4,model_convolution,size_5_featuresE,4677,no_action,0.9853
guvc-4,model_convolution,size_5_featuresE,4689,no_action,0.9872
guvc-4,model_convolution,size_5_featuresE,4701,no_action,0.9889
guvc-4,model_convolution,size_5_featuresE,4713,no_action,0.5762
guvc-4,model_convolution,size_5_featuresE,4725,unfasten,0.9994
guvc-4,model_convolution,size_5_featuresE,4737,unfasten,0.9964
guvc-4,model_convolution,size_5_featuresE,4749,unfasten,0.9960
guvc-4,model_convolution,size_5_featuresE,4761,unfasten,0.9997
guvc-4,model_convolution,size_5_featuresE,4773,unfasten,0.9978
guvc-4,model_convolution,size_5_featuresE,4785,no_action,0.9890
guvc-4,model_convolution,size_5_featuresE,4797,unfasten,0.9927
guvc-4,model_convolution,size_5_featuresE,4809,fasten,0.9998
guvc-4,model_convolution,size_5_featuresE,4821,fasten,0.9948
guvc-4,model_convolution,size_5_featuresE,4833,fasten,0.9999
guvc-4,model_convolution,size_5_featuresE,4845,gear,0.9949
guvc-4,model_convolution,size_5_featuresE,4857,gear,0.9943
guvc-4,model_convolution,size_5_featuresE,4869,gear,0.9890
guvc-4,model_convolution,size_5_featuresE,4881,no_action,0.9364
guvc-4,model_convolution,size_5_featuresE,4893,no_action,0.9803
guvc-4,model_convolution,size_5_featuresE,4905,no_action,0.9904
guvc-4,model_convolution,size_5_featuresE,4917,no_action,0.9943
guvc-4,model_convolution,size_5_featuresE,4929,no_action,0.9951
guvc-4,model_convolution,size_5_featuresE,4941,no_action,0.9936
guvc-4,model_convolution,size_5_featuresE,4953,no_action,0.9894
guvc-4,model_convolution,size_5_featuresE,4965,no_action,0.9800
guvc-4,model_convolution,size_5_featuresE,4977,no_action,0.9732
guvc-4,model_convolution,size_5_featuresE,4989,no_action,0.9826
guvc-4,model_convolution,size_5_featuresE,5001,no_action,0.9863
guvc-4,model_convolution,size_5_featuresE,5013,no_action,0.9893
guvc-4,model_convolution,size_5_featuresE,5025,no_action,0.9911
guvc-4,model_convolution,size_5_featuresE,5037,no_action,0.9910
guvc-4,model_convolution,size_5_featuresE,5049,no_action,0.9850
guvc-4,model_convolution,size_5_featuresE,5061,no_action,0.9822
guvc-4,model_convolution,size_5_featuresE,5073,no_action,0.9824
guvc-4,model_convolution,size_5_featuresE,5085,no_action,0.9862
guvc-4,model_convolution,size_5_featuresE,5097,no_action,0.9894
guvc-4,model_convolution,size_5_featuresE,5109,no_action,0.9902
guvc-4,model_convolution,size_5_featuresE,5121,no_action,0.9896
guvc-4,model_convolution,size_5_featuresE,5133,no_action,0.9874
guvc-4,model_convolution,size_5_featuresE,5145,no_action,0.9861
guvc-4,model_convolution,size_5_featuresE,5157,no_action,0.9859
guvc-4,model_convolution,size_5_featuresE,5169,no_action,0.9876
guvc-4,model_convolution,size_5_featuresE,5181,no_action,0.9606
guvc-4,model_convolution,size_5_featuresE,5193,unfasten,0.9906
guvc-4,model_convolution,size_5_featuresE,5205,unfasten,0.9996
guvc-4,model_convolution,size_5_featuresE,5217,unfasten,0.9963
guvc-4,model_convolution,size_5_featuresE,5229,no_action,0.8614
guvc-4,model_convolution,size_5_featuresE,5241,fasten,0.9999
guvc-4,model_convolution,size_5_featuresE,5253,fasten,0.9999
guvc-4,model_convolution,size_5_featuresE,5265,fasten,0.9999
guvc-4,model_convolution,size_5_featuresE,5277,fasten,0.9999
guvc-4,model_convolution,size_5_featuresE,5289,no_action,0.7258
guvc-4,model_convolution,size_5_featuresE,5301,no_action,0.5400
guvc-4,model_convolution,size_5_featuresE,5313,phone,0.9892
guvc-4,model_convolution,size_5_featuresE,5325,phone,0.9992
guvc-4,model_convolution,size_5_featuresE,5337,phone,0.9795
guvc-4,model_convolution,size_5_featuresE,5349,no_action,0.9991
guvc-4,model_convolution,size_5_featuresE,5361,no_action,0.9974
guvc-4,model_convolution,size_5_featuresE,5373,no_action,0.9496
guvc-4,model_convolution,size_5_featuresE,5385,unfasten,0.9997
guvc-4,model_convolution,size_5_featuresE,5397,no_action,0.8992
guvc-4,model_convolution,size_5_featuresE,5409,no_action,0.9960
guvc-4,model_convolution,size_5_featuresE,5421,no_action,0.9961
guvc-4,model_convolution,size_5_featuresE,5433,no_action,0.9957
guvc-4,model_convolution,size_5_featuresE,5445,no_action,0.9945
guvc-4,model_convolution,size_5_featuresE,5457,no_action,0.9868
guvc-4,model_convolution,size_5_featuresE,5469,no_action,0.8758
guvc-4,model_convolution,size_5_featuresE,5481,no_action,0.8277
guvc-4,model_convolution,size_5_featuresE,5493,no_action,0.7414
guvc-4,model_convolution,size_5_featuresE,5505,no_action,0.8873
guvc-4,model_convolution,size_5_featuresE,5517,gear,0.9735
guvc-4,model_convolution,size_5_featuresE,5529,gear,0.9904
guvc-4,model_convolution,size_5_featuresE,5541,gear,0.9921
guvc-4,model_convolution,size_5_featuresE,5553,gear,0.9933
guvc-4,model_convolution,size_5_featuresE,5565,gear,0.9934
guvc-4,model_convolution,size_5_featuresE,5577,gear,0.9934
guvc-4,model_convolution,size_5_featuresE,5589,gear,0.9933
guvc-4,model_convolution,size_5_featuresE,5601,gear,0.9935
guvc-4,model_convolution,size_5_featuresE,5613,gear,0.9940
guvc-4,model_convolution,size_5_featuresE,5625,gear,0.9943
guvc-4,model_convolution,size_5_featuresE,5637,gear,0.9941
guvc-4,model_convolution,size_5_featuresE,5649,gear,0.9943
guvc-4,model_convolution,size_5_featuresE,5661,gear,0.9946
guvc-4,model_convolution,size_5_featuresE,5673,gear,0.9946
guvc-4,model_convolution,size_5_featuresE,5685,gear,0.9949
guvc-4,model_convolution,size_5_featuresE,5697,gear,0.9947
guvc-4,model_convolution,size_5_featuresE,5709,no_action,0.3806
guvc-4,model_convolution,size_5_featuresE,5721,no_action,0.9249
guvc-4,model_convolution,size_5_featuresE,5733,no_action,0.9901
guvc-4,model_convolution,size_5_featuresE,5745,no_action,0.9948
guvc-4,model_convolution,size_5_featuresE,5757,no_action,0.9951
guvc-4,model_convolution,size_5_featuresE,5769,no_action,0.9928
guvc-4,model_convolution,size_5_featuresE,5781,no_action,0.9895
guvc-4,model_convolution,size_5_featuresE,5793,no_action,0.9904
guvc-4,model_convolution,size_5_featuresE,5805,no_action,0.9923
guvc-4,model_convolution,size_5_featuresE,5817,no_action,0.9920
guvc-4,model_convolution,size_5_featuresE,5829,no_action,0.9938
guvc-4,model_convolution,size_5_featuresE,5841,no_action,0.9949
guvc-4,model_convolution,size_5_featuresE,5853,no_action,0.9941
guvc-4,model_convolution,size_5_featuresE,5865,no_action,0.9869
guvc-4,model_convolution,size_5_featuresE,5877,no_action,0.6962
guvc-4,model_convolution,size_5_featuresE,5889,no_action,0.9731
guvc-4,model_convolution,size_5_featuresE,5901,unfasten,0.9995
guvc-4,model_convolution,size_5_featuresE,5913,unfasten,0.9996
guvc-4,model_convolution,size_5_featuresE,5925,no_action,0.8293
guvc-4,model_convolution,size_5_featuresE,5937,fasten,0.9999
guvc-4,model_convolution,size_5_featuresE,5949,fasten,0.9999
guvc-4,model_convolution,size_5_featuresE,5961,fasten,0.9999
guvc-4,model_convolution,size_5_featuresE,5973,fasten,0.9997
guvc-4,model_convolution,size_5_featuresE,5985,no_action,0.9190
guvc-4,model_convolution,size_5_featuresE,5997,no_action,0.6550
guvc-4,model_convolution,size_5_featuresE,6009,no_action,0.9642
guvc-4,model_convolution,size_5_featuresE,6021,phone,0.9992
guvc-4,model_convolution,size_5_featuresE,6033,no_action,0.9974
guvc-4,model_convolution,size_5_featuresE,6045,no_action,0.9990
guvc-4,model_convolution,size_5_featuresE,6057,no_action,0.9902
guvc-4,model_convolution,size_5_featuresE,6069,no_action,0.8571
guvc-4,model_convolution,size_5_featuresE,6081,no_action,0.9271
guvc-4,model_convolution,size_5_featuresE,6093,gear,0.9508
guvc-4,model_convolution,size_5_featuresE,6105,gear,0.9889
guvc-4,model_convolution,size_5_featuresE,6117,gear,0.9879
guvc-4,model_convolution,size_5_featuresE,6129,gear,0.9918
guvc-4,model_convolution,size_5_featuresE,6141,gear,0.9930
guvc-4,model_convolution,size_5_featuresE,6153,gear,0.9931
guvc-4,model_convolution,size_5_featuresE,6165,gear,0.9939
guvc-4,model_convolution,size_5_featuresE,6177,gear,0.9938
guvc-4,model_convolution,size_5_featuresE,6189,gear,0.9940
guvc-4,model_convolution,size_5_featuresE,6201,gear,0.9940
guvc-4,model_convolution,size_5_featuresE,6213,gear,0.9941
guvc-4,model_convolution,size_5_featuresE,6225,gear,0.9942
guvc-4,model_convolution,size_5_featuresE,6237,gear,0.9925
guvc-4,model_convolution,size_5_featuresE,6249,no_action,0.8671
guvc-4,model_convolution,size_5_featuresE,6261,no_action,0.9749
guvc-4,model_convolution,size_5_featuresE,6273,no_action,0.9874
guvc-4,model_convolution,size_5_featuresE,6285,no_action,0.9913
guvc-4,model_convolution,size_5_featuresE,6297,no_action,0.9038
guvc-4,model_convolution,size_5_featuresE,6309,no_action,0.9371
guvc-4,model_convolution,size_5_featuresE,6321,no_action,0.9916
guvc-4,model_convolution,size_5_featuresE,6333,no_action,0.9957
guvc-4,model_convolution,size_5_featuresE,6345,no_action,0.9990
guvc-4,model_convolution,size_5_featuresE,6357,unfasten,0.9998
guvc-4,model_convolution,size_5_featuresE,6369,unfasten,0.9997
guvc-4,model_convolution,size_5_featuresE,6381,fasten,0.9999
guvc-4,model_convolution,size_5_featuresE,6393,fasten,0.9999
guvc-4,model_convolution,size_5_featuresE,6405,fasten,0.9999
guvc-4,model_convolution,size_5_featuresE,6417,fasten,0.9998
guvc-4,model_convolution,size_5_featuresE,6429,unfasten,0.9941
guvc-4,model_convolution,size_5_featuresE,6441,fasten,0.9918
guvc-4,model_convolution,size_5_featuresE,6453,no_action,0.9309
guvc-4,model_convolution,size_5_featuresE,6465,no_action,0.9036
guvc-4,model_convolution,size_5_featuresE,6477,no_action,0.9657
guvc-4,model_convolution,size_5_featuresE,6489,no_action,0.9956
guvc-4,model_convolution,size_5_featuresE,6501,no_action,0.9800
guvc-4,model_convolution,size_5_featuresE,6513,no_action,0.5431
guvc-4,model_convolution,size_5_featuresE,6525,gear,0.9853
guvc-4,model_convolution,size_5_featuresE,6537,gear,0.9932
guvc-4,model_convolution,size_5_featuresE,6549,gear,0.9943
guvc-4,model_convolution,size_5_featuresE,6561,no_action,0.5545
guvc-4,model_convolution,size_5_featuresE,6573,unfasten,0.9993
guvc-4,model_convolution,size_5_featuresE,6585,phone,0.9634
guvc-4,model_convolution,size_5_featuresE,6597,phone,0.9922
guvc-4,model_convolution,size_5_featuresE,6609,phone,0.9989
guvc-4,model_convolution,size_5_featuresE,6621,phone,0.9992
guvc-4,model_convolution,size_5_featuresE,6633,no_action,0.9869
guvc-4,model_convolution,size_5_featuresE,6645,fasten,0.9991
guvc-4,model_convolution,size_5_featuresE,6657,fasten,0.9999
guvc-4,model_convolution,size_5_featuresE,6669,fasten,0.9999
guvc-4,model_convolution,size_5_featuresE,6681,gear,0.9950
guvc-4,model_convolution,size_5_featuresE,6693,gear,0.9952
guvc-4,model_convolution,size_5_featuresE,6705,gear,0.9948
guvc-4,model_convolution,size_5_featuresE,6717,gear,0.9891
guvc-4,model_convolution,size_5_featuresE,6729,unfasten,0.9995
guvc-4,model_convolution,size_5_featuresE,6741,unfasten,0.9998
guvc-4,model_convolution,size_5_featuresE,6753,unfasten,0.9998
guvc-4,model_convolution,size_5_featuresE,6765,unfasten,0.9998
guvc-4,model_convolution,size_5_featuresE,6777,unfasten,0.9967
guvc-4,model_convolution,size_5_featuresE,6789,fasten,0.9996
guvc-4,model_convolution,size_5_featuresE,6801,fasten,0.9999
guvc-4,model_convolution,size_5_featuresE,6813,fasten,0.9999
guvc-4,model_convolution,size_5_featuresE,6825,no_action,0.9271
guvc-4,model_convolution,size_5_featuresE,6837,gear,0.9944
guvc-4,model_convolution,size_5_featuresE,6849,gear,0.9944
guvc-4,model_convolution,size_5_featuresE,6861,gear,0.9944
guvc-4,model_convolution,size_5_featuresE,6873,gear,0.9925
guvc-4,model_convolution,size_5_featuresE,6885,gear,0.9892
guvc-4,model_convolution,size_5_featuresE,6897,no_action,0.9460
guvc-4,model_convolution,size_5_featuresE,6909,no_action,0.8234
guvc-4,model_convolution,size_5_featuresE,6921,no_action,0.9272
guvc-4,model_convolution,size_5_featuresE,6933,no_action,0.8122
guvc-4,model_convolution,size_5_featuresE,6945,no_action,0.7489
guvc-4,model_convolution,size_5_featuresE,6957,no_action,0.6174
guvc-4,model_convolution,size_5_featuresE,6969,no_action,0.7016
guvc-4,model_convolution,size_5_featuresE,6981,no_action,0.8539
guvc-4,model_convolution,size_5_featuresE,6993,no_action,0.8371
guvc-4,model_convolution,size_5_featuresE,7005,gear,0.9862
